Categorie,Dienst,Prijs
Algemeen,Korting 70+ jaar,"€ -50,00"
Nieuwe behandeling wenkbrauwen,Eerste behandeling wenkbrauwen - 3D,"€ 445,00"
Nieuwe behandeling wenkbrauwen,Eerste behandeling wenkbrauwen - Powder/Ombré,"€ 445,00"
Nieuwe behandeling wenkbrauwen,Eerste behandeling wenkbrauwen - Combi,"€ 445,00"
Nieuwe behandeling wenkbrauwen,Nieuwe behandeling wenkbrauwen - aanbetaling,"€ 90,00"
Nieuwe behandeling eyeliner,Eerste behandeling infralash eyeliner boven,"€ 225,00"
Nieuwe behandeling eyeliner,Eerste behandeling infralash eyeliner onder,"€ 170,00"
Nieuwe behandeling eyeliner,Eerste behandeling small eyeliner boven,"€ 260,00"
Nieuwe behandeling eyeliner,Eerste behandeling small eyeliner onder,"€ 200,00"
Nieuwe behandeling eyeliner,Eerste behandeling medium eyeliner boven,"€ 315,00"
Nieuwe behandeling eyeliner,Eerste behandeling medium eyeliner onder,"€ 255,00"
Nieuwe behandeling eyeliner,Eerste behandeling large eyeliner boven,"€ 370,00"
Nieuwe behandeling eyeliner,Eerste behandeling large eyeliner onder,"€ 300,00"
Nieuwe behandeling eyeliner,Eerste behandeling half small eyeliner boven,"€ 215,00"
Nieuwe behandeling eyeliner,Eerste behandeling half small eyeliner onder,"€ 140,00"
Nieuwe behandeling eyeliner,Eerste behandeling half medium eyeliner boven,"€ 270,00"
Nieuwe behandeling eyeliner,Eerste behandeling half medium eyeliner onder,"€ 210,00"
Nieuwe behandeling eyeliner,Eerste behandeling half large eyeliner boven,"€ 330,00"
Nieuwe behandeling eyeliner,Eerste behandeling half large eyeliner onder,"€ 255,00"
Nieuwe behandeling eyeliner,Eerste behandeling shadow eyeliner,"€ 370,00"
Nieuwe behandeling eyeliner,Eerste behandeling stardust arcade eyeliner (1 kleur),"€ 415,00"
Nieuwe behandeling eyeliner,Eerste behandeling stardust eyeliner onder,"€ 200,00"
Nieuwe behandeling eyeliner,Eerste behandeling hoekje eyeliner onder/boven,"€ 75,00"
Nieuwe behandeling eyeliner,Eyeliner verlenging wimperrand/wing,"€ 40,00"
Nieuwe behandeling eyeliner,Nieuwe behandeling eyeliner - aanbetaling,"€ 90,00"
Nieuwe behandeling lippen,Eerste behandeling lipline boven & onder,"€ 395,00"
Nieuwe behandeling lippen,Eerste behandeling lipline boven,"€ 200,00"
Nieuwe behandeling lippen,Eerste behandeling lipline onder,"€ 165,00"
Nieuwe behandeling lippen,Eerste behandeling ombré lips,"€ 480,00"
Nieuwe behandeling lippen,Eerste behandeling full lips,"€ 530,00"
Nieuwe behandeling lippen,Eerste behandeling lipblush,"€ 510,00"
Nieuwe behandeling lippen,Nieuwe behandeling lippen - aanbetaling,"€ 90,00"
Opfrisbehandelingen wenkbrauwen,Opfrisbeh WB binnen 6 maanden - 3D,"€ 85,00"
Opfrisbehandelingen wenkbrauwen,Opfrisbeh WB binnen 6 maanden - Combi,"€ 85,00"
Opfrisbehandelingen wenkbrauwen,Opfrisbeh WB binnen 6 maanden - Powder/ombré,"€ 85,00"
Opfrisbehandelingen wenkbrauwen,Opfrisbeh WB binnen 1 jaar - 3D,"€ 125,00"
Opfrisbehandelingen wenkbrauwen,Opfrisbeh WB binnen 1 jaar - Combi,"€ 125,00"
Opfrisbehandelingen wenkbrauwen,Opfrisbeh WB binnen 1 jaar - Powder/ombré,"€ 125,00"
Opfrisbehandelingen wenkbrauwen,"Opfrisbeh WB binnen 1,5 jaar - 3D","€ 175,00"
Opfrisbehandelingen wenkbrauwen,"Opfrisbeh WB binnen 1,5 jaar - Combi","€ 175,00"
Opfrisbehandelingen wenkbrauwen,"Opfrisbeh WB binnen 1,5 jaar - Powder/ombré","€ 175,00"
Opfrisbehandelingen wenkbrauwen,Opfrisbeh WB binnen 2 jaar - 3D,"€ 220,00"
Opfrisbehandelingen wenkbrauwen,Opfrisbeh WB binnen 2 jaar - Combi,"€ 220,00"
Opfrisbehandelingen wenkbrauwen,Opfrisbeh WB binnen 2 jaar - Powder/ombré,"€ 220,00"
Opfrisbehandelingen wenkbrauwen,Opfrisbeh WB binnen 3 jaar - 3D,"€ 320,00"
Opfrisbehandelingen wenkbrauwen,Opfrisbeh WB binnen 3 jaar - Combi,"€ 320,00"
Opfrisbehandelingen wenkbrauwen,Opfrisbeh WB binnen 3 jaar - Powder/ombré,"€ 320,00"
Opfrisbehandelingen wenkbrauwen,Opfrisbehandeling wenkbrauwen elders,"€ 320,00"
Opfrisbehandelingen wenkbrauwen,Opfrisbeh WB elders - aanbetaling,"€ 49,50"
Opfrisbehandelingen wenkbrauwen,Opfrisbehandeling wenkbrauwen binnen 6 maanden - aanbetaling,"€ 49,50"
Opfrisbehandelingen wenkbrauwen,Opfrisbehandeling wenkbrauwen binnen 1 jaar - aanbetaling,"€ 49,50"
Opfrisbehandelingen wenkbrauwen,"Opfrisbehandeling wenkbrauwen binnen 1,5 jaar - aanbetaling","€ 49,50"
Opfrisbehandelingen wenkbrauwen,Opfrisbehandeling wenkbrauwen binnen 2 jaar - aanbetaling,"€ 49,50"
Opfrisbehandelingen wenkbrauwen,Opfrisbehandeling wenkbrauwen binnen 3 jaar - aanbetaling,"€ 49,50"
Opfrisbehandelingen eyeliner,Opfrisbeh infralash eyeliner boven,"€ 115,00"
Opfrisbehandelingen eyeliner,Opfrisbeh infralash eyeliner onder,"€ 95,00"
Opfrisbehandelingen eyeliner,Opfrisbeh small eyeliner boven,"€ 145,00"
Opfrisbehandelingen eyeliner,Opfrisbeh small eyeliner onder,"€ 125,00"
Opfrisbehandelingen eyeliner,Opfrisbeh medium eyeliner boven,"€ 175,00"
Opfrisbehandelingen eyeliner,Opfrisbeh medium eyeliner onder,"€ 145,00"
Opfrisbehandelingen eyeliner,Opfrisbeh large eyeliner boven,"€ 205,00"
Opfrisbehandelingen eyeliner,Opfrisbeh large eyeliner onder,"€ 145,00"
Opfrisbehandelingen eyeliner,Opfrisbeh half small eyeliner boven,"€ 125,00"
Opfrisbehandelingen eyeliner,Opfrisbeh half small eyeliner onder,"€ 90,00"
Opfrisbehandelingen eyeliner,Opfrisbeh half medium eyeliner boven,"€ 145,00"
Opfrisbehandelingen eyeliner,Opfrisbeh half medium eyeliner onder,"€ 120,00"
Opfrisbehandelingen eyeliner,Opfrisbeh half large eyeliner boven,"€ 170,00"
Opfrisbehandelingen eyeliner,Opfrisbeh half large eyeliner onder,"€ 135,00"
Opfrisbehandelingen eyeliner,Opfrisbeh hoekje eyeliner boven/onder,"€ 55,00"
Opfrisbehandelingen eyeliner,Opfrisbeh shadow eyeliner boven,"€ 215,00"
Opfrisbehandelingen eyeliner,Opfrisbeh stardust arcade eyeliner boven (1 kleur),"€ 235,00"
Opfrisbehandelingen eyeliner,"Opfrisbehandeling eyeliner boven en onder - aanbetaling","€ 49,50"
Opfrisbehandelingen eyeliner,"Opfrisbehandeling eyeliner, boven of onder - aanbetaling","€ 49,50"
Opfrisbehandeling lippen,Opfrisbeh lipline boven & onder,"€ 260,00"
Opfrisbehandeling lippen,Opfrisbeh lipline boven & onder binnen 1 jaar,"€ 200,00"
Opfrisbehandeling lippen,Opfrisbeh lipline boven,"€ 160,00"
Opfrisbehandeling lippen,Opfrisbeh lipline onder,"€ 135,00"
Opfrisbehandeling lippen,Opfrisbeh ombré lips,"€ 330,00"
Opfrisbehandeling lippen,Opfrisbeh ombré lips binnen 1 jaar,"€ 215,00"
Opfrisbehandeling lippen,Opfrisbeh lipblush,"€ 350,00"
Opfrisbehandeling lippen,Opfrisbeh lipblush binnen 1 jaar,"€ 230,00"
Opfrisbehandeling lippen,Opfrisbeh full lips,"€ 390,00"
Opfrisbehandeling lippen,Opfrisbeh full lips binnen 1 jaar,"€ 260,00"
Opfrisbehandeling lippen,Opfrisbehandeling lippen - aanbetaling,"€ 49,50"
Toeslagen PMU,Toeslag WB overige,"€ 49,50"
Toeslagen PMU,Toeslag 3D naar combi/powder/ombré,"€ 49,50"
Toeslagen PMU,Toeslag vervaagde eyeliner,"€ 49,50"
Toeslagen PMU,Toeslag stardust arcade eyeliner 2 kleuren,"€ 49,50"
Toeslagen PMU,Toeslag eyeliner overige,"€ 49,50"
Toeslagen PMU,Toeslag eyeliner aansluitend,"€ 35,00"
Toeslagen PMU,Toeslag lippen overige,"€ 49,50"
Toeslagen PMU,Kosten extra naaldmodule,"€ 19,95"
Toeslagen PMU,Annuleringskosten,"€ 90,00"
Overige PMU behandelingen,Extra nabehandeling lippen (na nieuwe behandeling),"€ 49,50"
Overige PMU behandelingen,Extra nabehandeling lippen (na opfrisbehandeling),"€ 49,50"
Overige PMU behandelingen,Extra nabehandeling eyeliner (na nieuwe behandeling),"€ 49,50"
Overige PMU behandelingen,Extra nabehandeling eyeliner (na opfrisbehandeling),"€ 49,50"
Overige PMU behandelingen,Extra nabehandeling wenkbrauwen (na nieuwe behandeling),"€ 49,50"
Overige PMU behandelingen,Extra nabehandeling wenkbrauwen (na opfrisbehandeling),"€ 49,50"
Overige PMU behandelingen,Betaalde perfectiebehandeling,"€ 49,50"
Overige PMU behandelingen,Opfris beautyspot/mouche,"€ 50,00"
Overige PMU behandelingen,Beautyspot/mouche,"€ 75,00"
Overige PMU behandelingen,Micro haar pigmentatie consult/proef,"€ 90,00"
Informatie consult,Informatie consult PMU,"€ 39,95"
Cosmetisch arts,Informatie consult botox/injectables bij Dr. Anwar Thio,"€ 0,00"
Cosmetisch arts,Behandeling botox/injectables bij Dr. Anwar Thio,"€ 0,00"
Cosmetisch arts,Controle botox/injectables bij Dr. Anwar Thio,"€ 0,00"
Brow & lash treatments,Only shape (wax),"€ 17,50"
Brow & lash treatments,Only tint,"€ 15,00"
Brow & lash treatments,Only tint wimpers,"€ 15,00"
Brow & lash treatments,Brow tint + shape (wax),"€ 30,00"
Brow & lash treatments,Hybrid tint + shape (wax),"€ 45,00"
Brow & lash treatments,Browlamination/Browlift excl. tint + wax,"€ 60,00"
Brow & lash treatments,Browlamination/Browlift incl. tint + wax,"€ 75,00"
Brow & lash treatments,Lash lift excl. verven,"€ 59,50"
Brow & lash treatments,Lash lift incl. verven,"€ 69,50"
Waxen,Gelaat - Bovenlip,"€ 10,00"
Waxen,Gelaat - Kin + kaaklijn,"€ 20,00"
Waxen,Gelaat - Wenkbrauwen,"€ 17,50"
Waxen,Gelaat - Hele gelaat,"€ 35,00"
Laserbehandelingen PMU,Laserbehandeling PMU - 1e behandeling,"€ 110,00"
Laserbehandelingen PMU,Laserbehandeling PMU - 2e behandeling,"€ 85,00"
Laserbehandelingen PMU,Laserbehandeling PMU - 3e behandeling,"€ 60,00"
Laserbehandelingen PMU,Laserbehandeling PMU - 4e behandeling,"€ 30,00"
Laserbehandelingen PMU,Korting laserbehandeling,"€ -50,00"
Laserbehandelingen PMU,Laserbehandeling service - 1e behandeling,"€ 110,00"
Laserbehandelingen PMU,Laserbehandeling eyeliner,"€ 130,00"
Cocon Academy,Aanbetaling opleiding,"€ 1.250,00"
Cocon Academy,Resterend bedrag Masterclass,"€ 2.404,00"
Cocon Academy,Aanbetaling Masterclass,"€ 500,00"
Cocon Academy,Uitbreiding - 3e dag masterclass Combi brows,"€ 726,00"
Aanbetalingen/kortingen,Retour aanbetaling,"€ -90,00"
Aanbetalingen/kortingen,Review korting,"€ -5,00"
Aanbetalingen/kortingen,Senioren korting,"€ 0,00"
